Team,Year1,Year2,D-clutch1,D-clutch2,O-clutch1,O-clutch2
ATL 93/94,0.685394621145508,0.3165606879283076,4.493738819320215,4.176339285714286,3.808344198174707,3.859778597785978
BAL 93/94,0.1449920590194167,0.40657869116225376,3.9503355704697984,4.17907444668008,3.8053435114503817,3.7724957555178267
BOS 93/94,0.016415080154042805,-0.15458937198067613,4.06160458452722,3.714975845410628,4.045189504373178,3.869565217391304
CHC 93/94,0.07593943327795971,-0.08746812386156666,3.9566982408660354,3.8925318761384333,3.8807588075880757,3.98
CHW 93/94,0.2765339709352874,0.3552884523877502,4.067771084337349,4.014056224899599,3.7912371134020617,3.6587677725118484
CIN 93/94,-0.005111420858549209,0.45491437954492175,3.8522292993630574,4.202040816326531,3.8573407202216066,3.7471264367816093
CLE 93/94,0.24045806280847648,0.2643174230472902,3.958179581795818,3.8416370106761564,3.7177215189873416,3.577319587628866
COL 93/94,-0.19883190129143014,0.03744522312855958,3.5201654601861425,3.8699059561128526,3.7189973614775726,3.832460732984293
DET 93/94,0.12919705022040917,0.012087078163715237,3.7765830346475506,3.6378539493293593,3.6473859844271415,3.625766871165644
HOU 93/94,0.2763722621264524,0.34119535280014324,4.207936507936508,4.1252485089463224,3.9315642458100557,3.784053156146179
KCR 93/94,-0.030218806702956513,0.2509169264624975,3.968299711815562,3.9530075187969924,3.9985185185185186,3.702090592334495
LAD 93/94,0.12450710529260345,0.20470626467938047,4.157099697885196,4.039292730844794,4.032592592592593,3.8345864661654137
MIL 93/94,0.15931656262488447,0.11723892656812529,3.88510101010101,3.945392491467577,3.7257844474761255,3.8281535648994516
MIN 93/94,-0.13964603000747555,-0.020691410226293616,3.793975903614458,3.5988372093023258,3.9336219336219336,3.6195286195286194
NYM 93/94,-0.0060003840245776985,0.2576158343227277,3.903225806451613,4.032319391634981,3.9092261904761907,3.774703557312253
NYY 93/94,0.16559082302438766,0.45096986975236186,3.9658344283837055,4.059925093632959,3.800243605359318,3.608955223880597
OAK 93/94,-0.27936649638777267,0.01602543287533109,3.7919621749408985,3.730050933786078,4.071328671328671,3.714025500910747
PHI 93/94,0.26893432771425907,0.29219848843541074,3.904054054054054,4.134808853118712,3.635119726339795,3.8426103646833014
PIT 93/94,-0.10801415129105951,-0.18774604114251936,3.8622828784119108,3.8551724137931034,3.9702970297029703,4.042918454935623
SDP 93/94,-0.08141163094157067,-0.24033119847139162,3.884715025906736,3.983050847457627,3.9661266568483065,4.223382045929019
SEA 93/94,0.01093832121277627,-0.18464268596078792,4.009575923392613,3.6396103896103895,3.9986376021798367,3.8242530755711774
SFG 93/94,0.5432156423189491,0.1562539682539681,4.2437106918239,4.188,3.7004950495049505,4.031746031746032
STL 93/94,0.1644359803671236,-0.18489623308802505,3.974462365591398,3.7665056360708533,3.8100263852242744,3.9514018691588784
TEX 93/94,0.3970291108860837,-0.19141461542242322,3.9347536617842875,3.4921090387374463,3.537724550898204,3.6835236541598695
TOR 93/94,0.17799781693435213,0.12514265487589782,3.950134770889488,3.936096718480138,3.772136953955136,3.8109540636042403
ATL 94/95,0.3165606879283076,0.4439707149009475,4.176339285714286,4.412962962962963,3.859778597785978,3.9689922480620154
BAL 94/95,0.40657869116225376,0.1282670454545456,4.17907444668008,4.0046875,3.7724957555178267,3.8764204545454546
BOS 94/95,-0.15458937198067613,0.0832014170883757,3.714975845410628,3.815186246418338,3.869565217391304,3.7319848293299622
CHC 94/95,-0.08746812386156666,0.2353984813001211,3.8925318761384333,4.096870342771982,3.98,3.8614718614718613
CHW 94/95,0.3552884523877502,0.06812105750580999,4.014056224899599,3.8562005277044853,3.6587677725118484,3.7880794701986753
CIN 94/95,0.45491437954492175,0.26634735840096635,4.202040816326531,4.064205457463885,3.7471264367816093,3.7978580990629185
CLE 94/95,0.2643174230472902,0.6221052012238175,3.8416370106761564,4.268533772652389,3.577319587628866,3.6464285714285714
COL 94/95,0.03744522312855958,-0.009535430444720827,3.8699059561128526,3.7573435504469987,3.832460732984293,3.7668789808917196
DET 94/95,0.012087078163715237,-0.31894502659535906,3.6378539493293593,3.6504739336492893,3.625766871165644,3.9694189602446484
HOU 94/95,0.34119535280014324,0.24801480898867467,4.1252485089463224,3.9762611275964392,3.784053156146179,3.7282463186077646
KCR 94/95,0.2509169264624975,-0.14483974056630933,3.9530075187969924,3.8726483357452968,3.702090592334495,4.017488076311606
LAD 94/95,0.20470626467938047,0.0012949811709743742,4.039292730844794,4.032840722495895,3.8345864661654137,4.031545741324921
MIL 94/95,0.11723892656812529,0.34116104055863117,3.945392491467577,3.9344042838018742,3.8281535648994516,3.593243243243243
MIN 94/95,-0.020691410226293616,-0.2567191547713721,3.5988372093023258,3.545556805399325,3.6195286195286194,3.802275960170697
NYM 94/95,0.2576158343227277,0.4156433331855598,4.032319391634981,4.207119741100324,3.774703557312253,3.791476407914764
NYY 94/95,0.45096986975236186,0.3125349302946563,4.059925093632959,4.001453488372093,3.608955223880597,3.6889185580774364
OAK 94/95,0.01602543287533109,-0.10181808363184697,3.730050933786078,3.6557161629434956,3.714025500910747,3.7575342465753425
PHI 94/95,0.29219848843541074,0.01190352633009617,4.134808853118712,4.062310030395137,3.8426103646833014,4.050406504065041
PIT 94/95,-0.18774604114251936,-0.12656822423446457,3.8551724137931034,3.7907608695652173,4.042918454935623,3.917329093799682
SDP 94/95,-0.24033119847139162,0.06828307670373546,3.983050847457627,3.8467261904761907,4.223382045929019,3.7784431137724552
SEA 94/95,-0.18464268596078792,0.44796723731652577,3.6396103896103895,4.086158192090395,3.8242530755711774,3.6381909547738696
SFG 94/95,0.1562539682539681,-0.34768515590411786,4.188,3.6829896907216493,4.031746031746032,4.030674846625767
STL 94/95,-0.18489623308802505,-0.08932283090478155,3.7665056360708533,4.003039513677812,3.9514018691588784,4.092362344582593
TEX 94/95,-0.19141461542242322,0.015629522431258813,3.4921090387374463,3.8,3.6835236541598695,3.784370477568741
TOR 94/95,0.12514265487589782,-0.4052430267383538,3.936096718480138,3.727155727155727,3.8109540636042403,4.132398753894081
ATL 95/96,0.4439707149009475,0.22327232363886074,4.412962962962963,4.132716049382716,3.9689922480620154,3.9094437257438552
BAL 95/96,0.1282670454545456,0.10311606202017165,4.0046875,3.7142857142857144,3.8764204545454546,3.6111696522655428
BOS 95/96,0.0832014170883757,0.13194990452656397,3.815186246418338,3.778501628664495,3.7319848293299622,3.646551724137931
CHC 95/96,0.2353984813001211,0.30571292245452053,4.096870342771982,4.0103761348897535,3.8614718614718613,3.704663212435233
CHW 95/96,0.06812105750580999,0.2915603103454081,3.8562005277044853,3.9886649874055418,3.7880794701986753,3.6971046770601337
CIN 95/96,0.26634735840096635,0.10296078776974849,4.064205457463885,4.020698576972833,3.7978580990629185,3.917737789203085
CLE 95/96,0.6221052012238175,0.27361191550742525,4.268533772652389,3.975292587776333,3.6464285714285714,3.7016806722689077
COL 95/96,-0.009535430444720827,0.040905479682730395,3.7573435504469987,3.5632780082987554,3.7668789808917196,3.522372528616025
DET 95/96,-0.31894502659535906,-0.2918384667845384,3.6504739336492893,3.457842248413418,3.9694189602446484,3.7496807151979565
HOU 95/96,0.24801480898867467,0.032355426777737506,3.9762611275964392,3.9393939393939394,3.7282463186077646,3.907038512616202
KCR 95/96,-0.14483974056630933,0.04712495480561296,3.8726483357452968,3.921119592875318,4.017488076311606,3.8739946380697052
LAD 95/96,0.0012949811709743742,0.3825607169972689,4.032840722495895,4.292944785276074,4.031545741324921,3.910384068278805
MIL 95/96,0.34116104055863117,0.18905171791675057,3.9344042838018742,3.797552836484983,3.593243243243243,3.6085011185682325
MIN 95/96,-0.2567191547713721,0.16727353351070562,3.545556805399325,3.752222222222222,3.802275960170697,3.5849486887115165
NYM 95/96,0.4156433331855598,0.10679464632941826,4.207119741100324,3.9191270860077023,3.791476407914764,3.812332439678284
NYY 95/96,0.3125349302946563,0.19515315612340034,4.001453488372093,3.8449809402795427,3.6889185580774364,3.6498277841561424
OAK 95/96,-0.10181808363184697,0.06446380178087496,3.6557161629434956,3.858888888888889,3.7575342465753425,3.794425087108014
PHI 95/96,0.01190352633009617,-0.5175267770204477,4.062310030395137,3.767088607594937,4.050406504065041,4.2846153846153845
PIT 95/96,-0.12656822423446457,0.11694316902018542,3.7907608695652173,3.899159663865546,3.917329093799682,3.7822164948453607
SDP 95/96,0.06828307670373546,0.2679823210135752,3.8467261904761907,4.1304985337243405,3.7784431137724552,3.8625162127107653
SEA 95/96,0.44796723731652577,0.1565022194467418,4.086158192090395,3.718435754189944,3.6381909547738696,3.5619335347432024
SFG 95/96,-0.34768515590411786,-0.08082082736831708,3.6829896907216493,3.734338747099768,4.030674846625767,3.815159574468085
STL 95/96,-0.08932283090478155,0.3062308016735904,4.003039513677812,4.0835694050991505,4.092362344582593,3.77733860342556
TEX 95/96,0.015629522431258813,0.20952375814595836,3.8,3.894868585732165,3.784370477568741,3.685344827586207
TOR 95/96,-0.4052430267383538,-0.13644314774711397,3.727155727155727,3.849196538936959,4.132398753894081,3.985639686684073
ATL 96/97,0.22327232363886074,0.5275920369213898,4.132716049382716,4.387263339070568,3.9094437257438552,3.859671302149178
BAL 96/97,0.10311606202017165,0.5656669777131569,3.7142857142857144,4.361233480176211,3.6111696522655428,3.7955665024630543
BOS 96/97,0.13194990452656397,-0.017559134904779672,3.778501628664495,3.823803967327888,3.646551724137931,3.8413631022326675
CHC 96/97,0.30571292245452053,0.21300147861757912,4.0103761348897535,4.16205533596838,3.704663212435233,3.9490538573508007
CHW 96/97,0.2915603103454081,-0.008495824517226858,3.9886649874055418,3.770708283313325,3.6971046770601337,3.779204107830552
CIN 96/97,0.10296078776974849,-0.29537521815008727,4.020698576972833,4.037958115183246,3.917737789203085,4.333333333333333
CLE 96/97,0.27361191550742525,0.06739277939554977,3.975292587776333,3.8773006134969323,3.7016806722689077,3.8099078341013826
COL 96/97,0.040905479682730395,0.18483708076994665,3.5632780082987554,3.840308370044053,3.522372528616025,3.6554712892741064
DET 96/97,-0.2918384667845384,0.08621480237664692,3.457842248413418,3.90126582278481,3.7496807151979565,3.815051020408163
HOU 96/97,0.032355426777737506,0.26100971100971115,3.9393939393939394,4.1863636363636365,3.907038512616202,3.9253539253539254
KCR 96/97,0.04712495480561296,-0.1985339732915401,3.921119592875318,3.7439024390243905,3.8739946380697052,3.9424364123159306
LAD 96/97,0.3825607169972689,0.48403435090578606,4.292944785276074,4.413953488372093,3.910384068278805,3.929919137466307
MIL 96/97,0.18905171791675057,-0.017441055052225707,3.797552836484983,4.047169811320755,3.6085011185682325,4.0646108663729805
MIN 96/97,0.16727353351070562,-0.12415524784411414,3.752222222222222,3.7061556329849012,3.5849486887115165,3.8303108808290154
NYM 96/97,0.10679464632941826,0.48647196461018805,3.9191270860077023,4.176304654442878,3.812332439678284,3.6898326898326896
NYY 96/97,0.19515315612340034,0.6106005141857853,3.8449809402795427,4.251453488372093,3.6498277841561424,3.6408529741863074
OAK 96/97,0.06446380178087496,-0.23638798800128358,3.858888888888889,3.8054968287526427,3.794425087108014,4.041884816753926
PHI 96/97,-0.5175267770204477,-0.2611990305104075,3.767088607594937,3.770238095238095,4.2846153846153845,4.031437125748503
PIT 96/97,0.11694316902018542,0.002313974591651835,3.899159663865546,4.00921052631579,3.7822164948453607,4.006896551724138
SDP 96/97,0.2679823210135752,-0.0924634182495816,4.1304985337243405,3.6823793490460157,3.8625162127107653,3.7748427672955973
SEA 96/97,0.1565022194467418,0.11469193082638451,3.718435754189944,3.837935174069628,3.5619335347432024,3.7232432432432434
SFG 96/97,-0.08082082736831708,-0.07161997838227308,3.734338747099768,3.7944514501891553,3.815159574468085,3.8660714285714284
STL 96/97,0.3062308016735904,-0.18691627102244324,4.0835694050991505,3.9887005649717513,3.77733860342556,4.1756168359941945
TEX 96/97,0.20952375814595836,0.03485751195869691,3.894868585732165,3.804374240583232,3.685344827586207,3.7695167286245352
TOR 96/97,-0.13644314774711397,-0.06465201949431165,3.849196538936959,4.1570605187319885,3.985639686684073,4.2217125382263
ATL 97/98,0.5275920369213898,0.5153738440444582,4.387263339070568,4.325301204819277,3.859671302149178,3.8099273607748185
BAL 97/98,0.5656669777131569,0.05783002907951218,4.361233480176211,3.9452229299363055,3.7955665024630543,3.8873929008567933
BOS 97/98,-0.017559134904779672,0.3015906571208449,3.823803967327888,3.9945130315500688,3.8413631022326675,3.692922374429224
CHC 97/98,0.21300147861757912,0.29029008496517505,4.16205533596838,4.031565656565657,3.9490538573508007,3.7412755716004815
CHW 97/98,-0.008495824517226858,-0.07259437793089019,3.770708283313325,3.592910848549946,3.779204107830552,3.6655052264808363
CIN 97/98,-0.29537521815008727,0.1134736842105264,4.037958115183246,3.9894736842105263,4.333333333333333,3.876
CLE 97/98,0.06739277939554977,0.22632636109642856,3.8773006134969323,4.075738125802311,3.8099078341013826,3.8494117647058825
COL 97/98,0.18483708076994665,-0.021684153887543633,3.840308370044053,3.7555555555555555,3.6554712892741064,3.777239709443099
DET 97/98,0.08621480237664692,-0.32700140911527464,3.90126582278481,3.73117033603708,3.815051020408163,4.058171745152355
HOU 97/98,0.26100971100971115,0.8015501587067244,4.1863636363636365,4.525806451612903,3.9253539253539254,3.7242562929061784
KCR 97/98,-0.1985339732915401,-0.34989858012170405,3.7439024390243905,3.6206896551724137,3.9424364123159306,3.9705882352941178
LAD 97/98,0.48403435090578606,0.10609547997936364,4.413953488372093,4.113569321533923,3.929919137466307,4.007473841554559
MIL 97/98,-0.017441055052225707,0.014692971760230211,4.047169811320755,3.9963054187192117,4.0646108663729805,3.9816124469589815
MIN 97/98,-0.12415524784411414,0.06153441303638152,3.7061556329849012,3.8789731051344742,3.8303108808290154,3.8174386920980927
NYM 97/98,0.48647196461018805,0.5185958670970856,4.176304654442878,4.477519379844961,3.6898326898326896,3.9589235127478752
NYY 97/98,0.6106005141857853,0.6784515986351569,4.251453488372093,4.199695121951219,3.6408529741863074,3.521243523316062
OAK 97/98,-0.23638798800128358,0.032657153033906816,3.8054968287526427,3.7055427251732103,4.041884816753926,3.6728855721393034
PHI 97/98,-0.2611990305104075,-0.06576243178315,3.770238095238095,3.8935643564356437,4.031437125748503,3.9593267882187937
PIT 97/98,0.002313974591651835,0.008180844225411654,4.00921052631579,4.0835654596100275,4.006896551724138,4.075384615384616
SDP 97/98,-0.0924634182495816,0.42522838850751166,3.6823793490460157,4.346456692913386,3.7748427672955973,3.9212283044058744
SEA 97/98,0.11469193082638451,-0.038042331284166675,3.837935174069628,3.8304093567251463,3.7232432432432434,3.868451688009313
SFG 97/98,-0.07161997838227308,0.40175032628452056,3.7944514501891553,4.117726657645467,3.8660714285714284,3.7159763313609466
STL 97/98,-0.18691627102244324,-0.15957816298822225,3.9887005649717513,3.8836317135549874,4.1756168359941945,4.04320987654321
TEX 97/98,0.03485751195869691,0.16909275227789022,3.804374240583232,3.6659012629161882,3.7695167286245352,3.496808510638298
TOR 97/98,-0.06465201949431165,0.12415747549019596,4.1570605187319885,4.110677083333333,4.2217125382263,3.986519607843137
ATL 98/99,0.5153738440444582,0.41075931128881216,4.325301204819277,4.184568835098336,3.8099273607748185,3.7738095238095237
BAL 98/99,0.05783002907951218,0.0844982085312842,3.9452229299363055,3.914110429447853,3.8873929008567933,3.8296122209165686
BOS 98/99,0.3015906571208449,0.25407831429675687,3.9945130315500688,4.054317548746518,3.692922374429224,3.800239234449761
CHC 98/99,0.29029008496517505,-0.3003652290320704,4.031565656565657,3.6206521739130433,3.7412755716004815,3.9210174029451137
CHW 98/99,-0.07259437793089019,-0.03304486752762603,3.592910848549946,3.845977011494253,3.6655052264808363,3.879021879021879
CIN 98/99,0.1134736842105264,0.5101371511263952,3.9894736842105263,4.293952180028129,3.876,3.783815028901734
CLE 98/99,0.22632636109642856,0.30278193929057107,4.075738125802311,3.7953488372093025,3.8494117647058825,3.4925668979187314
COL 98/99,-0.021684153887543633,0.061410742048255695,3.7555555555555555,3.6750972762645913,3.777239709443099,3.6136865342163356
DET 98/99,-0.32700140911527464,-0.33887932683113453,3.73117033603708,3.6825396825396823,4.058171745152355,4.021419009370817
HOU 98/99,0.8015501587067244,0.3471400927050987,4.525806451612903,4.207407407407407,3.7242562929061784,3.8602673147023085
KCR 98/99,-0.34989858012170405,0.015127299664119409,3.6206896551724137,3.6623235613463625,3.9705882352941178,3.647196261682243
LAD 98/99,0.10609547997936364,0.13131097868740316,4.113569321533923,4.021601016518424,4.007473841554559,3.8902900378310212
MIL 98/99,0.014692971760230211,0.07171682200279728,3.9963054187192117,3.9232505643340856,3.9816124469589815,3.8515337423312883
MIN 98/99,0.06153441303638152,-0.1677419911328859,3.8789731051344742,3.7928994082840237,3.8174386920980927,3.9606413994169096
NYM 98/99,0.5185958670970856,0.47987824885446084,4.477519379844961,4.319268635724332,3.9589235127478752,3.839390386869871
NYY 98/99,0.6784515986351569,0.37122511019911864,4.199695121951219,4.083447332421341,3.521243523316062,3.712222222222222
OAK 98/99,0.032657153033906816,-0.002861764339928019,3.7055427251732103,3.7328605200945626,3.6728855721393034,3.7357222844344906
PHI 98/99,-0.06576243178315,0.10650104148219341,3.8935643564356437,3.8865248226950353,3.9593267882187937,3.780023781212842
PIT 98/99,0.008180844225411654,0.13039188185793282,4.0835654596100275,3.9923273657289005,4.075384615384616,3.8619354838709676
SDP 98/99,0.42522838850751166,-0.1615877080665813,4.346456692913386,3.911651728553137,3.9212283044058744,4.073239436619718
SEA 98/99,-0.038042331284166675,-0.016874304568462506,3.8304093567251463,3.7933701657458565,3.868451688009313,3.810244470314319
SFG 98/99,0.40175032628452056,0.19800257234016705,4.117726657645467,3.89410348977136,3.7159763313609466,3.6961009174311927
STL 98/99,-0.15957816298822225,-0.04639334928356709,3.8836317135549874,3.81145584725537,4.04320987654321,3.857849196538937
TEX 98/99,0.16909275227789022,0.1566938300349241,3.6659012629161882,3.756693830034924,3.496808510638298,3.6
TOR 98/99,0.12415747549019596,0.09933311086177943,4.110677083333333,3.84338747099768,3.986519607843137,3.7440543601359004
ATL 99/00,0.41075931128881216,0.23429816370992818,4.184568835098336,4.060224089635854,3.7738095238095237,3.825925925925926
BAL 99/00,0.0844982085312842,-0.17953103920145885,3.914110429447853,3.702081051478642,3.8296122209165686,3.881612090680101
BOS 99/00,0.25407831429675687,0.2053657379160736,4.054317548746518,4.056375838926175,3.800239234449761,3.851010101010101
CHC 99/00,-0.3003652290320704,-0.26122990316452777,3.6206521739130433,3.711283185840708,3.9210174029451137,3.972513089005236
CHW 99/00,-0.03304486752762603,0.3631441169373417,3.845977011494253,3.8140643623361146,3.879021879021879,3.450920245398773
CIN 99/00,0.5101371511263952,0.34773618538324413,4.293952180028129,4.231372549019608,3.783815028901734,3.8836363636363638
CLE 99/00,0.30278193929057107,0.23143446852425154,3.7953488372093025,3.9019607843137254,3.4925668979187314,3.670526315789474
COL 99/00,0.061410742048255695,0.41139196771607844,3.6750972762645913,3.8060200668896322,3.6136865342163356,3.394628099173554
DET 99/00,-0.33887932683113453,-0.013517067501590763,3.6825396825396823,3.781136638452237,4.021419009370817,3.7946537059538277
HOU 99/00,0.3471400927050987,0.024136279859781062,4.207407407407407,3.7266949152542375,3.8602673147023085,3.7025586353944564
KCR 99/00,0.015127299664119409,0.3092957539726231,3.6623235613463625,3.806451612903226,3.647196261682243,3.497155858930603
LAD 99/00,0.13131097868740316,0.2345472735336287,4.021601016518424,4.161865569272977,3.8902900378310212,3.927318295739348
MIL 99/00,0.07171682200279728,-0.07044368824029856,3.9232505643340856,3.920096852300242,3.8515337423312883,3.9905405405405405
MIN 99/00,-0.1677419911328859,-0.1668449197860964,3.7928994082840237,3.7409090909090907,3.9606413994169096,3.907754010695187
NYM 99/00,0.47987824885446084,0.267013227753095,4.319268635724332,4.10840108401084,3.839390386869871,3.841387856257745
NYY 99/00,0.37122511019911864,0.08349718051210564,4.083447332421341,3.802211302211302,3.712222222222222,3.7187141216991964
OAK 99/00,-0.002861764339928019,0.31997074986589347,3.7328605200945626,3.880688806888069,3.7357222844344906,3.5607180570221755
PHI 99/00,0.10650104148219341,-0.23700564971751392,3.8865248226950353,3.9,3.780023781212842,4.137005649717514
PIT 99/00,0.13039188185793282,-0.10646507162900587,3.9923273657289005,3.7623873873873874,3.8619354838709676,3.8688524590163933
SDP 99/00,-0.1615877080665813,-0.01255221250489491,3.911651728553137,3.92760736196319,4.073239436619718,3.940159574468085
SEA 99/00,-0.016874304568462506,0.2721963079184686,3.7933701657458565,3.928205128205128,3.810244470314319,3.6560088202866594
SFG 99/00,0.19800257234016705,0.3523861210608201,3.89410348977136,4.033467202141901,3.6961009174311927,3.6810810810810812
STL 99/00,-0.04639334928356709,0.28568002725636354,3.81145584725537,3.9948119325551232,3.857849196538937,3.7091319052987597
TEX 99/00,0.1566938300349241,-0.07564362093680987,3.756693830034924,3.6519507186858315,3.6,3.7275943396226414
TOR 99/00,0.09933311086177943,-0.17666554104181698,3.84338747099768,3.6618942731277535,3.7440543601359004,3.8385598141695705
ATL 00/01,0.23429816370992818,0.35967376857878586,4.060224089635854,4.258164852255055,3.825925925925926,3.898491083676269
BAL 00/01,-0.17953103920145885,-0.08323281061519916,3.702081051478642,3.916767189384801,3.881612090680101,4.0
BOS 00/01,0.2053657379160736,0.15045727996661729,4.056375838926175,4.116778523489933,3.851010101010101,3.966321243523316
CHC 00/01,-0.26122990316452777,0.2812308946403097,3.711283185840708,4.138373751783167,3.972513089005236,3.857142857142857
CHW 00/01,0.3631441169373417,-0.01427625667943433,3.8140643623361146,3.869182389937107,3.450920245398773,3.8834586466165413
CIN 00/01,0.34773618538324413,-0.188451380552221,4.231372549019608,3.787058823529412,3.8836363636363638,3.975510204081633
CLE 00/01,0.23143446852425154,0.125588475321039,3.9019607843137254,3.745432399512789,3.670526315789474,3.61984392419175
COL 00/01,0.41139196771607844,0.11543603615238718,3.8060200668896322,3.7969094922737305,3.394628099173554,3.6814734561213434
DET 00/01,-0.013517067501590763,-0.12055046797346058,3.781136638452237,3.824200913242009,3.7946537059538277,3.9447513812154695
HOU 00/01,0.024136279859781062,0.24947377956007832,3.7266949152542375,4.003901170351106,3.7025586353944564,3.7544273907910273
KCR 00/01,0.3092957539726231,-0.05671146411887129,3.806451612903226,3.808857808857809,3.497155858930603,3.86556927297668
LAD 00/01,0.2345472735336287,0.07340695662042185,4.161865569272977,3.974462365591398,3.927318295739348,3.901055408970976
MIL 00/01,-0.07044368824029856,0.07922339212661766,3.920096852300242,4.035980148883374,3.9905405405405405,3.9567567567567568
MIN 00/01,-0.1668449197860964,-0.002915748087493064,3.7409090909090907,3.950391644908616,3.907754010695187,3.953307392996109
NYM 00/01,0.267013227753095,-0.14012793121075884,4.10840108401084,4.126227208976157,3.841387856257745,4.266355140186916
NYY 00/01,0.08349718051210564,0.201675702832262,3.802211302211302,4.078541374474053,3.7187141216991964,3.876865671641791
OAK 00/01,0.31997074986589347,0.6048563611491109,3.880688806888069,4.2372093023255815,3.5607180570221755,3.6323529411764706
PHI 00/01,-0.23700564971751392,0.18179479243960373,3.9,4.171070931849791,4.137005649717514,3.9892761394101877
PIT 00/01,-0.10646507162900587,-0.41338570105693373,3.7623873873873874,3.65967365967366,3.8688524590163933,4.073059360730594
SDP 00/01,-0.01255221250489491,0.15493828316694458,3.92760736196319,3.9458128078817736,3.940159574468085,3.790874524714829
SEA 00/01,0.2721963079184686,0.7149264747629593,3.928205128205128,4.315789473684211,3.6560088202866594,3.6008629989212513
SFG 00/01,0.3523861210608201,-0.12319376493343936,4.033467202141901,3.97192513368984,3.6810810810810812,4.095118898623279
STL 00/01,0.28568002725636354,0.6297361955256693,3.9948119325551232,4.381578947368421,3.7091319052987597,3.751842751842752
TEX 00/01,-0.07564362093680987,-0.10002321478317411,3.6519507186858315,3.6797520661157024,3.7275943396226414,3.7797752808988765
TOR 00/01,-0.17666554104181698,0.16624505887791674,3.6618942731277535,4.179282868525896,3.8385598141695705,4.0130378096479795
ATL 01/02,0.35967376857878586,0.6540397980100989,4.258164852255055,4.748672566371681,3.898491083676269,4.094632768361582
BAL 01/02,-0.08323281061519916,-0.12748670942665807,3.916767189384801,4.056921086675291,4.0,4.184407796101949
BOS 01/02,0.15045727996661729,0.4328253695939499,4.116778523489933,4.12781954887218,3.966321243523316,3.6949941792782304
CHC 01/02,0.2812308946403097,-0.20768530233981686,4.138373751783167,3.9552042160737813,3.857142857142857,4.162889518413598
CHW 01/02,-0.01427625667943433,0.144698779659429,3.869182389937107,3.7907268170426067,3.8834586466165413,3.6460280373831777
CIN 01/02,-0.188451380552221,-0.18216143128400875,3.787058823529412,3.9715762273901807,3.975510204081633,4.153737658674189
CLE 01/02,0.125588475321039,-0.125782686086497,3.745432399512789,3.7240143369175627,3.61984392419175,3.8497970230040597
COL 01/02,0.11543603615238718,0.008645318645833733,3.7969094922737305,3.77728285077951,3.6814734561213434,3.7686375321336762
DET 01/02,-0.12055046797346058,-0.6585869565217388,3.824200913242009,3.6875,3.9447513812154695,4.346086956521739
HOU 01/02,0.24947377956007832,0.2812882404356887,4.003901170351106,4.271942446043165,3.7544273907910273,3.9906542056074765
KCR 01/02,-0.05671146411887129,-0.09715731108765935,3.808857808857809,3.77665544332211,3.86556927297668,3.8738127544097694
LAD 01/02,0.07340695662042185,0.42639363607214564,3.974462365591398,4.371695178849144,3.901055408970976,3.9453015427769986
MIL 01/02,0.07922339212661766,-0.3460653072166635,4.035980148883374,3.979293544457978,3.9567567567567568,4.3253588516746415
MIN 01/02,-0.002915748087493064,0.19463951310861427,3.950391644908616,4.080056179775281,3.953307392996109,3.8854166666666665
NYM 01/02,-0.14012793121075884,0.25022161749850547,4.126227208976157,4.257467994310099,4.266355140186916,4.007246376811594
NYY 01/02,0.201675702832262,0.33065742815602484,4.078541374474053,4.032998565279771,3.876865671641791,3.702341137123746
OAK 01/02,0.6048563611491109,0.31391055045871585,4.2372093023255815,4.192660550458716,3.6323529411764706,3.87875
PHI 01/02,0.18179479243960373,-0.2953194303945219,4.171070931849791,4.048342541436464,3.9892761394101877,4.343661971830986
PIT 01/02,-0.41338570105693373,-0.01308315346312483,3.65967365967366,4.161643835616438,4.073059360730594,4.174726989079563
SDP 01/02,0.15493828316694458,-0.14160102311270917,3.9458128078817736,3.94601226993865,3.790874524714829,4.087613293051359
SEA 01/02,0.7149264747629593,0.2703458433072168,4.315789473684211,4.0701001430615165,3.6008629989212513,3.7997542997542997
SFG 01/02,-0.12319376493343936,0.28346063259856447,3.97192513368984,4.3230519480519485,4.095118898623279,4.039591315453384
STL 01/02,0.6297361955256693,0.5124907838800259,4.381578947368421,4.311728395061729,3.751842751842752,3.799237611181703
TEX 01/02,-0.10002321478317411,0.039529216194188255,3.6797520661157024,3.8378684807256236,3.7797752808988765,3.7983392645314353
TOR 01/02,0.16624505887791674,0.13424069023298912,4.179282868525896,3.857487922705314,4.0130378096479795,3.7232472324723247
ATL 02/03,0.6540397980100989,0.3178864090109954,4.748672566371681,3.995945945945946,4.094632768361582,3.6780595369349505
BAL 02/03,-0.12748670942665807,0.19048517874142368,4.056921086675291,4.0060975609756095,4.184407796101949,3.815612382234186
BOS 02/03,0.4328253695939499,0.0849985015094239,4.12781954887218,3.7873918417799755,3.6949941792782304,3.7023933402705516
CHC 02/03,-0.20768530233981686,0.12174312223453532,3.9552042160737813,4.101024890190336,4.162889518413598,3.979281767955801
CHW 02/03,0.144698779659429,0.07141884664008558,3.7907268170426067,3.953846153846154,3.6460280373831777,3.8824273072060684
CIN 02/03,-0.18216143128400875,-0.24667742208286425,3.9715762273901807,3.8239277652370203,4.153737658674189,4.0706051873198845
CLE 02/03,-0.125782686086497,-0.05153708382522204,3.7240143369175627,3.937017994858612,3.8497970230040597,3.988555078683834
COL 02/03,0.008645318645833733,0.08380077699914334,3.77728285077951,3.782511210762332,3.7686375321336762,3.6987104337631886
DET 02/03,-0.6585869565217388,-0.712625444891767,3.6875,3.644396551724138,4.346086956521739,4.357021996615905
HOU 02/03,0.2812882404356887,0.45184362872372663,4.271942446043165,4.27917282127031,3.9906542056074765,3.8273291925465838
KCR 02/03,-0.09715731108765935,0.19665099363697047,3.77665544332211,3.7935409457900806,3.8738127544097694,3.59688995215311
LAD 02/03,0.42639363607214564,0.1950216830020306,4.371695178849144,4.607913669064748,3.9453015427769986,4.412891986062718
MIL 02/03,-0.3460653072166635,-0.3021022842126544,3.979293544457978,3.9037800687285222,4.3253588516746415,4.205882352941177
MIN 02/03,0.19463951310861427,0.0943774108222244,4.080056179775281,3.920844327176781,3.8854166666666665,3.8264669163545566
NYM 02/03,0.25022161749850547,0.14288075229100006,4.257467994310099,4.163129973474801,4.007246376811594,4.020249221183801
NYY 02/03,0.33065742815602484,0.16713115432881231,4.032998565279771,4.009776536312849,3.702341137123746,3.8426453819840365
OAK 02/03,0.31391055045871585,0.36938666407464993,4.192660550458716,4.19751166407465,3.87875,3.828125
PHI 02/03,-0.2953194303945219,0.3433352620132877,4.048342541436464,4.229555236728838,4.343661971830986,3.88621997471555
PIT 02/03,-0.01308315346312483,-0.13350343942581722,4.161643835616438,3.865168539325843,4.174726989079563,3.99867197875166
SDP 02/03,-0.14160102311270917,-0.26499685846032595,3.94601226993865,3.8736462093862816,4.087613293051359,4.1386430678466075
SEA 02/03,0.2703458433072168,0.47195679432876236,4.0701001430615165,4.235478806907379,3.7997542997542997,3.7635220125786164
SFG 02/03,0.28346063259856447,0.3901907866054932,4.3230519480519485,4.321316614420063,4.039591315453384,3.9311258278145695
STL 02/03,0.5124907838800259,0.30812739496569597,4.311728395061729,4.048994974874372,3.799237611181703,3.740867579908676
TEX 02/03,0.039529216194188255,-0.2911740967573473,3.8378684807256236,3.549019607843137,3.7983392645314353,3.8401937046004844
TOR 02/03,0.13424069023298912,0.2736050397863612,3.857487922705314,3.876513317191283,3.7232472324723247,3.602908277404922
ATL 03/04,0.3178864090109954,0.4695994064175508,3.995945945945946,4.348802395209581,3.6780595369349505,3.87920298879203
BAL 03/04,0.19048517874142368,0.07045760238102039,4.0060975609756095,3.7771084337349397,3.815612382234186,3.7066508313539193
BOS 03/04,0.0849985015094239,0.24146030909729577,3.7873918417799755,3.8958333333333335,3.7023933402705516,3.6543730242360377
CHC 03/04,0.12174312223453532,0.4091940878813003,4.101024890190336,4.393984962406015,3.979281767955801,3.9847908745247147
CHW 03/04,0.07141884664008558,0.21005682964323258,3.953846153846154,3.81468110709988,3.8824273072060684,3.6046242774566473
CIN 03/04,-0.24667742208286425,-0.21802131569275973,3.8239277652370203,3.8313120176405735,4.0706051873198845,4.049333333333333
CLE 03/04,-0.05153708382522204,0.10709418935790005,3.937017994858612,3.8868144690781796,3.988555078683834,3.7797202797202796
COL 03/04,0.08380077699914334,0.028831034038750758,3.782511210762332,3.8331527627302275,3.6987104337631886,3.804321728691477
DET 03/04,-0.712625444891767,-0.039503544473544316,3.644396551724138,3.745260663507109,4.357021996615905,3.784764207980653
HOU 03/04,0.45184362872372663,0.4508612045802458,4.27917282127031,4.30515759312321,3.8273291925465838,3.8542963885429637
KCR 03/04,0.19665099363697047,-0.08662523020257806,3.7935409457900806,3.7425414364640885,3.59688995215311,3.8291666666666666
LAD 03/04,0.1950216830020306,0.2747846400934444,4.607913669064748,4.222222222222222,4.412891986062718,3.947437582128778
MIL 03/04,-0.3021022842126544,-0.5107659739383004,3.9037800687285222,3.949801849405548,4.205882352941177,4.460567823343848
MIN 03/04,0.0943774108222244,0.08951048951048968,3.920844327176781,4.027972027972028,3.8264669163545566,3.9384615384615387
NYM 03/04,0.14288075229100006,-0.09362125102999208,4.163129973474801,4.170998632010944,4.020249221183801,4.264619883040936
NYY 03/04,0.16713115432881231,0.06745118491782298,4.009776536312849,3.780940594059406,3.8426453819840365,3.713489409141583
OAK 03/04,0.36938666407464993,0.04125892665948383,4.19751166407465,4.033692722371968,3.828125,3.992433795712484
PHI 03/04,0.3433352620132877,0.2138665325285043,4.229555236728838,4.112676056338028,3.88621997471555,3.8988095238095237
PIT 03/04,-0.13350343942581722,0.0025142314990516113,3.865168539325843,4.020161290322581,3.99867197875166,4.017647058823529
SDP 03/04,-0.26499685846032595,0.3750387854609931,3.8736462093862816,4.222695035460993,4.1386430678466075,3.84765625
SEA 03/04,0.47195679432876236,-0.21156437243016857,4.235478806907379,3.9173754556500606,3.7635220125786164,4.128939828080229
SFG 03/04,0.3901907866054932,0.20080977845683723,4.321316614420063,3.996103896103896,3.9311258278145695,3.795294117647059
STL 03/04,0.30812739496569597,0.47987114980166634,4.048994974874372,4.241274658573596,3.740867579908676,3.76140350877193
TEX 03/04,-0.2911740967573473,0.30145861402378316,3.549019607843137,3.973551637279597,3.8401937046004844,3.672093023255814
TOR 03/04,0.2736050397863612,-0.10824065420955575,3.876513317191283,3.844471445929526,3.602908277404922,3.952712100139082
ATL 04/05,0.4695994064175508,0.3825269242493814,4.348802395209581,4.317507418397626,3.87920298879203,3.9349804941482445
BAL 04/05,0.07045760238102039,-0.20611968449931428,3.7771084337349397,3.84875,3.7066508313539193,4.054869684499314
BOS 04/05,0.24146030909729577,0.26163401815575726,3.8958333333333335,3.8770186335403727,3.6543730242360377,3.6153846153846154
CHC 04/05,0.4091940878813003,-0.06749385387156259,4.393984962406015,4.131652661064426,3.9847908745247147,4.199146514935989
CHW 04/05,0.21005682964323258,0.4728431095628163,3.81468110709988,4.431007751937985,3.6046242774566473,3.9581646423751686
CIN 04/05,-0.21802131569275973,-0.050363521632966535,3.8313120176405735,3.859392575928009,4.049333333333333,3.9097560975609755
CLE 04/05,0.10709418935790005,0.2882684648448284,3.8868144690781796,4.241433021806854,3.7797202797202796,3.9531645569620255
COL 04/05,0.028831034038750758,0.00698877531824138,3.8331527627302275,3.9002320185614847,3.804321728691477,3.8932432432432433
DET 04/05,-0.039503544473544316,-0.1757536454241735,3.745260663507109,3.797966963151207,3.784764207980653,3.9737206085753805
HOU 04/05,0.4508612045802458,0.2983529880081601,4.30515759312321,4.413793103448276,3.8542963885429637,4.115440115440116
KCR 04/05,-0.08662523020257806,-0.24379076491185225,3.7425414364640885,3.5893048128342246,3.8291666666666666,3.833095577746077
LAD 04/05,0.2747846400934444,-0.04090491613090297,4.222222222222222,4.014569536423841,3.947437582128778,4.055474452554744
MIL 04/05,-0.5107659739383004,0.22513250412037422,3.949801849405548,4.291248206599713,4.460567823343848,4.066115702479339
MIN 04/05,0.08951048951048968,0.0951398159207475,4.027972027972028,4.132930513595166,3.9384615384615387,4.037790697674419
NYM 04/05,-0.09362125102999208,0.2730241783796723,4.170998632010944,4.339506172839506,4.264619883040936,4.066481994459834
NYY 04/05,0.06745118491782298,0.11655036663834295,3.780940594059406,3.837769328263625,3.713489409141583,3.721218961625282
OAK 04/05,0.04125892665948383,0.4887750602390666,4.033692722371968,4.231003039513678,3.992433795712484,3.7422279792746114
PHI 04/05,0.2138665325285043,0.23452333405020154,4.112676056338028,4.1143250688705235,3.8988095238095237,3.879801734820322
PIT 04/05,0.0025142314990516113,-0.11906983859863907,4.020161290322581,4.022106631989597,4.017647058823529,4.141176470588236
SDP 04/05,0.3750387854609931,-0.08736890435455003,4.222695035460993,4.089531680440771,3.84765625,4.176900584795321
SEA 04/05,-0.21156437243016857,0.07104690169902206,3.9173754556500606,3.9680426098535286,4.128939828080229,3.8969957081545066
SFG 04/05,0.20080977845683723,-0.11024084549280833,3.996103896103896,4.016107382550335,3.795294117647059,4.126348228043144
STL 04/05,0.47987114980166634,0.5935223465329074,4.241274658573596,4.302839116719243,3.76140350877193,3.7093167701863354
TEX 04/05,0.30145861402378316,-0.13697131384992645,3.973551637279597,3.6456876456876457,3.672093023255814,3.782658959537572
TOR 04/05,-0.10824065420955575,0.48734843285289386,3.844471445929526,4.209929078014184,3.952712100139082,3.7225806451612904
ATL 05/06,0.3825269242493814,0.29748260650088865,4.317507418397626,3.990062111801242,3.9349804941482445,3.6925795053003534
BAL 05/06,-0.20611968449931428,-0.23555686874304804,3.84875,3.686318131256952,4.054869684499314,3.921875
BOS 05/06,0.26163401815575726,-0.01888396156688854,3.8770186335403727,3.896969696969697,3.6153846153846154,3.9158536585365855
CHC 05/06,-0.06749385387156259,-0.1037103278271232,4.131652661064426,3.9004796163069546,4.199146514935989,4.004189944134078
CHW 05/06,0.4728431095628163,0.2019756468444207,4.431007751937985,3.9231738035264483,3.9581646423751686,3.7211981566820276
CIN 05/06,-0.050363521632966535,-0.2017754842494952,3.859392575928009,4.002496878901373,3.9097560975609755,4.204272363150868
CLE 05/06,0.2882684648448284,0.23374783196636972,4.241433021806854,3.924552429667519,3.9531645569620255,3.6908045977011494
COL 05/06,0.00698877531824138,0.15735068680736086,3.9002320185614847,3.9261083743842367,3.8932432432432433,3.768757687576876
DET 05/06,-0.1757536454241735,0.5483644228169773,3.797966963151207,4.229629629629629,3.9737206085753805,3.681265206812652
HOU 05/06,0.2983529880081601,0.12435828295156703,4.413793103448276,4.150208623087622,4.115440115440116,4.025850340136055
KCR 05/06,-0.24379076491185225,-0.21516039110424234,3.5893048128342246,3.56951596292482,3.833095577746077,3.784676354029062
LAD 05/06,-0.04090491613090297,0.18951154558150085,4.014569536423841,4.049267643142477,4.055474452554744,3.8597560975609757
MIL 05/06,0.22513250412037422,-0.22333371704846305,4.291248206599713,3.7478991596638656,4.066115702479339,3.9712328767123286
MIN 05/06,0.0951398159207475,0.4199911165216248,4.132930513595166,4.13909224011713,4.037790697674419,3.7191011235955056
NYM 05/06,0.2730241783796723,0.22771932932450234,4.339506172839506,4.057455540355678,4.066481994459834,3.8297362110311752
NYY 05/06,0.11655036663834295,0.1962484754174203,3.837769328263625,3.8865710560625817,3.721218961625282,3.6903225806451614
OAK 05/06,0.4887750602390666,0.28815896752462455,4.231003039513678,4.185694635488308,3.7422279792746114,3.8975356679636834
PHI 05/06,0.23452333405020154,0.22171758876961167,4.1143250688705235,4.071428571428571,3.879801734820322,3.8497109826589595
PIT 05/06,-0.11906983859863907,-0.0680246292627742,4.022106631989597,3.9811794228356336,4.141176470588236,4.049204052098408
SDP 05/06,-0.08736890435455003,0.19836042784411756,4.089531680440771,4.326951399116347,4.176900584795321,4.12859097127223
SEA 05/06,0.07104690169902206,0.05417267917267887,3.9680426098535286,3.9457070707070705,3.8969957081545066,3.8915343915343916
SFG 05/06,-0.11024084549280833,-0.03966810330199877,4.016107382550335,3.831645569620253,4.126348228043144,3.871313672922252
STL 05/06,0.5935223465329074,0.23885522632334233,4.302839116719243,4.081364829396326,3.7093167701863354,3.8425096030729833
TEX 05/06,-0.13697131384992645,0.14560980080655028,3.6456876456876457,3.854591836734694,3.782658959537572,3.708982035928144
TOR 05/06,0.48734843285289386,0.10143839366805141,4.209929078014184,4.0557029177718835,3.7225806451612904,3.954264524103832
ATL 06/07,0.29748260650088865,0.2982887844643187,3.990062111801242,4.111869031377899,3.6925795053003534,3.81358024691358
BAL 06/07,-0.23555686874304804,-0.26497695852534564,3.686318131256952,3.6635944700460827,3.921875,3.9285714285714284
BOS 06/07,-0.01888396156688854,0.45473553375150777,3.896969696969697,4.267884322678843,3.9158536585365855,3.8131487889273354
CHC 06/07,-0.1037103278271232,0.32323465926611217,3.9004796163069546,4.27536231884058,4.004189944134078,3.952127659574468
CHW 06/07,0.2019756468444207,-0.310465458260452,3.9231738035264483,3.7544696066746126,3.7211981566820276,4.064935064935065
CIN 06/07,-0.2017754842494952,-0.1553109077869559,4.002496878901373,3.8229777256740913,4.204272363150868,3.978288633461047
CLE 06/07,0.23374783196636972,0.2652519336397261,3.924552429667519,4.0852272727272725,3.6908045977011494,3.8199753390875464
COL 06/07,0.15735068680736086,0.26522672884579945,3.9261083743842367,4.030343007915567,3.768757687576876,3.7651162790697676
DET 06/07,0.5483644228169773,0.2892668250018744,4.229629629629629,3.9397741530740276,3.681265206812652,3.650507328072153
HOU 06/07,0.12435828295156703,-0.014265080410139852,4.150208623087622,4.059040590405904,4.025850340136055,4.073305670816044
KCR 06/07,-0.21516039110424234,0.22629026267687147,3.56951596292482,4.044987146529563,3.784676354029062,3.818696883852691
LAD 06/07,0.18951154558150085,-0.014114476602195225,4.049267643142477,3.953232462173315,3.8597560975609757,3.9673469387755103
MIL 06/07,-0.22333371704846305,-0.005112810018404801,3.7478991596638656,3.9561855670103094,3.9712328767123286,3.9612983770287142
MIN 06/07,0.4199911165216248,0.17612717318221094,4.13909224011713,4.077241379310345,3.7191011235955056,3.901114206128134
NYM 06/07,0.22771932932450234,0.09135323383084604,4.057455540355678,4.045333333333334,3.8297362110311752,3.9539800995024876
NYY 06/07,0.1962484754174203,0.4454845932118654,3.8865710560625817,4.006435006435006,3.6903225806451614,3.5609504132231407
OAK 06/07,0.28815896752462455,-0.16908976317391833,4.185694635488308,3.899736147757256,3.8975356679636834,4.068825910931174
PHI 06/07,0.22171758876961167,0.12180950716341776,4.071428571428571,3.995127892813642,3.8497109826589595,3.873318385650224
PIT 06/07,-0.0680246292627742,-0.11872248997557566,3.9811794228356336,3.8356973995271866,4.049204052098408,3.9544198895027622
SDP 06/07,0.19836042784411756,0.3119718909192595,4.326951399116347,4.282282282282282,4.12859097127223,3.970310391363023
SEA 06/07,0.05417267917267887,0.13551513348886646,3.9457070707070705,3.8105781057810577,3.8915343915343916,3.6750629722921913
SFG 06/07,-0.03966810330199877,0.031145274117456268,3.831645569620253,4.127777777777778,3.871313672922252,4.096632503660322
STL 06/07,0.23885522632334233,-0.1509022087267584,4.081364829396326,3.744270205066345,3.8425096030729833,3.8951724137931034
TEX 06/07,0.14560980080655028,0.14743634420592855,3.854591836734694,3.81042654028436,3.708982035928144,3.6629901960784315
TOR 06/07,0.10143839366805141,0.19105837023864503,4.0557029177718835,4.090128755364807,3.954264524103832,3.899070385126162
ATL 07/08,0.2982887844643187,0.006634985337143462,4.111869031377899,3.9601542416452444,3.81358024691358,3.953519256308101
BAL 07/08,-0.26497695852534564,-0.004710414710738409,3.6635944700460827,3.8354430379746836,3.9285714285714284,3.840153452685422
BOS 07/08,0.45473553375150777,0.22106474771072415,4.267884322678843,4.131123919308357,3.8131487889273354,3.910059171597633
CHC 07/08,0.32323465926611217,0.5479401434535167,4.27536231884058,4.307004470938897,3.952127659574468,3.75906432748538
CHW 07/08,-0.310465458260452,0.264147464814223,3.7544696066746126,4.112482853223594,4.064935064935065,3.848335388409371
CIN 07/08,-0.1553109077869559,-0.0016477272727275505,3.8229777256740913,4.085,3.978288633461047,4.0866477272727275
CLE 07/08,0.2652519336397261,0.09246251662980232,4.0852272727272725,3.8961892247043366,3.8199753390875464,3.8037267080745343
COL 07/08,0.26522672884579945,-0.2373728490604754,4.030343007915567,3.8309002433090025,3.7651162790697676,4.068273092369478
DET 07/08,0.2892668250018744,-0.03291941267515375,3.9397741530740276,3.806301050175029,3.650507328072153,3.8392204628501827
HOU 07/08,-0.014265080410139852,0.10504030123852548,4.059040590405904,4.071332436069986,4.073305670816044,3.966292134831461
KCR 07/08,0.22629026267687147,-0.10862544031456167,4.044987146529563,3.8117797695262485,3.818696883852691,3.92040520984081
LAD 07/08,-0.014114476602195225,0.08758377425044106,3.953232462173315,4.179012345679013,3.9673469387755103,4.091428571428572
MIL 07/08,-0.005112810018404801,0.12931785195936207,3.9561855670103094,4.229317851959362,3.9612983770287142,4.1
MIN 07/08,0.17612717318221094,0.48923826717724106,4.077241379310345,4.018791946308725,3.901114206128134,3.529553679131484
NYM 07/08,0.09135323383084604,0.24432813744453297,4.045333333333334,4.1454545454545455,3.9539800995024876,3.9011264080100125
NYY 07/08,0.4454845932118654,0.0779023122264002,4.006435006435006,3.9752407152682254,3.5609504132231407,3.897338403041825
OAK 07/08,-0.16908976317391833,-0.07502131287297598,3.899736147757256,4.101449275362318,4.068825910931174,4.176470588235294
PHI 07/08,0.12180950716341776,0.43679599499374255,3.995127892813642,4.411764705882353,3.873318385650224,3.9749687108886107
PIT 07/08,-0.11872248997557566,-0.0030858497245049854,3.8356973995271866,3.8608597285067874,3.9544198895027622,3.8639455782312924
SDP 07/08,0.3119718909192595,-0.3393545497135624,4.282282282282282,3.993455497382199,3.970310391363023,4.332810047095761
SEA 07/08,0.13551513348886646,-0.0838562904621809,3.8105781057810577,3.9519112207151665,3.6750629722921913,4.0357675111773474
SFG 07/08,0.031145274117456268,-0.15348937747035585,4.127777777777778,4.0355731225296445,4.096632503660322,4.1890625
STL 07/08,-0.1509022087267584,0.2110752069408175,3.744270205066345,4.1931034482758625,3.8951724137931034,3.982028241335045
TEX 07/08,0.14743634420592855,-0.17083741264158991,3.81042654028436,3.559462254395036,3.6629901960784315,3.730299667036626
TOR 07/08,0.19105837023864503,0.47271892363502754,4.090128755364807,4.437704918032787,3.899070385126162,3.9649859943977592
ATL 08/09,0.006634985337143462,0.436781389622932,3.9601542416452444,4.425897035881436,3.953519256308101,3.9891156462585036
BAL 08/09,-0.004710414710738409,-0.030184127336254196,3.8354430379746836,3.921232876712329,3.840153452685422,3.951417004048583
BOS 08/09,0.22106474771072415,0.43569256082967645,4.131123919308357,4.256793478260869,3.910059171597633,3.8211009174311927
CHC 08/09,0.5479401434535167,0.1396010136727961,4.307004470938897,4.248511904761905,3.75906432748538,4.108910891089109
CHW 08/09,0.264147464814223,0.06539262747939478,4.112482853223594,4.081967213114754,3.848335388409371,4.016574585635359
CIN 08/09,-0.0016477272727275505,0.03803082336064634,4.085,4.188105117565699,4.0866477272727275,4.150074294205052
CLE 08/09,0.09246251662980232,-0.15428216766744685,3.8961892247043366,3.7745664739884393,3.8037267080745343,3.928848641655886
COL 08/09,-0.2373728490604754,0.19320878126848307,3.8309002433090025,4.093706293706294,4.068273092369478,3.900497512437811
DET 08/09,-0.03291941267515375,0.12894938892752927,3.806301050175029,4.095302013422819,3.8392204628501827,3.9663526244952894
HOU 08/09,0.10504030123852548,-0.2119407808365814,4.071332436069986,4.041558441558442,3.966292134831461,4.253499222395023
KCR 08/09,-0.10862544031456167,-0.3607300402346212,3.8117797695262485,3.7209026128266034,3.92040520984081,4.081632653061225
LAD 08/09,0.08758377425044106,0.5182760501909436,4.179012345679013,4.415711947626841,4.091428571428572,3.8974358974358974
MIL 08/09,0.12931785195936207,0.15814554685188398,4.229317851959362,4.056234718826406,4.1,3.8980891719745223
MIN 08/09,0.48923826717724106,0.24131646946824414,4.018791946308725,4.022222222222222,3.529553679131484,3.780905752753978
NYM 08/09,0.24432813744453297,-0.12362707132830852,4.1454545454545455,4.034346103038309,3.9011264080100125,4.157973174366617
NYY 08/09,0.0779023122264002,0.18752095443363137,3.9752407152682254,4.01593625498008,3.897338403041825,3.8284153005464483
OAK 08/09,-0.07502131287297598,0.1385165140521365,4.101449275362318,3.9329829172141917,4.176470588235294,3.794466403162055
PHI 08/09,0.43679599499374255,0.35278819360831104,4.411764705882353,4.308885754583921,3.9749687108886107,3.9560975609756097
PIT 08/09,-0.0030858497245049854,-0.20334610849056656,3.8608597285067874,4.040364583333333,3.8639455782312924,4.2437106918239
SDP 08/09,-0.3393545497135624,-0.43161741625936045,3.993455497382199,3.895968790637191,4.332810047095761,4.327586206896552
SEA 08/09,-0.0838562904621809,-0.20774927745664673,3.9519112207151665,4.095375722543353,4.0357675111773474,4.303125
SFG 08/09,-0.15348937747035585,0.4797709172527007,4.0355731225296445,4.482815057283142,4.1890625,4.0030441400304415
STL 08/09,0.2110752069408175,0.24321489726027368,4.1931034482758625,4.2171875,3.982028241335045,3.973972602739726
TEX 08/09,-0.17083741264158991,0.13494208494208548,3.559462254395036,4.063513513513514,3.730299667036626,3.9285714285714284
TOR 08/09,0.47271892363502754,0.0980710531191793,4.437704918032787,4.046692607003891,3.9649859943977592,3.9486215538847116
ATL 09/10,0.436781389622932,0.3603323553108351,4.425897035881436,4.302066772655008,3.9891156462585036,3.9417344173441733
BAL 09/10,-0.030184127336254196,-0.37549692958302616,3.921232876712329,3.9719745222929936,3.951417004048583,4.34747145187602
BOS 09/10,0.43569256082967645,0.12673515261455925,4.256793478260869,4.076612903225806,3.8211009174311927,3.949877750611247
CHC 09/10,0.1396010136727961,-0.07837341428829792,4.248511904761905,3.9595827900912646,4.108910891089109,4.0379562043795625
CHW 09/10,0.06539262747939478,0.14821083172146965,4.081967213114754,4.051136363636363,4.016574585635359,3.9029255319148937
CIN 09/10,0.03803082336064634,0.2456989744063569,4.188105117565699,4.134306569343066,4.150074294205052,3.8886075949367087
CLE 09/10,-0.15428216766744685,-0.18363003095975206,3.7745664739884393,4.0625,3.928848641655886,4.246130030959752
COL 09/10,0.19320878126848307,0.030931551015232817,4.093706293706294,3.9776847977684797,3.900497512437811,3.946753246753247
DET 09/10,0.12894938892752927,-0.04222454403549847,4.095302013422819,3.911170928667564,3.9663526244952894,3.9533954727030625
HOU 09/10,-0.2119407808365814,-0.05227886551763561,4.041558441558442,4.016460905349795,4.253499222395023,4.06873977086743
KCR 09/10,-0.3607300402346212,-0.3683431952662728,3.7209026128266034,3.78698224852071,4.081632653061225,4.155325443786983
LAD 09/10,0.5182760501909436,-0.013493253373312974,4.415711947626841,4.0,3.8974358974358974,4.013493253373313
MIL 09/10,0.15814554685188398,-0.17434825870646797,4.056234718826406,3.9029850746268657,3.8980891719745223,4.077333333333334
MIN 09/10,0.24131646946824414,0.4149367141747651,4.022222222222222,4.236959761549925,3.780905752753978,3.82202304737516
NYM 09/10,-0.12362707132830852,0.22180345653149747,4.034346103038309,4.375766871165644,4.157973174366617,4.153963414634147
NYY 09/10,0.18752095443363137,0.42302620416706604,4.01593625498008,4.189033189033189,3.8284153005464483,3.7660069848661233
OAK 09/10,0.1385165140521365,0.1621803304757634,3.9329829172141917,4.31150159744409,3.794466403162055,4.149321266968326
PHI 09/10,0.35278819360831104,0.49353141191709815,4.308885754583921,4.4015625,3.9560975609756097,3.9080310880829017
PIT 09/10,-0.20334610849056656,-0.5956265663667373,4.040364583333333,3.7621247113163974,4.2437106918239,4.357751277683135
SDP 09/10,-0.43161741625936045,0.5000452939577862,3.895968790637191,4.530120481927711,4.327586206896552,4.030075187969925
SEA 09/10,-0.20774927745664673,-0.7218340343057577,4.095375722543353,4.02865329512894,4.303125,4.750487329434698
SFG 09/10,0.4797709172527007,0.6777465786967429,4.482815057283142,4.696397941680961,4.0030441400304415,4.018651362984218
STL 09/10,0.24321489726027368,0.3894560130231297,4.2171875,4.2698907956318255,3.973972602739726,3.880434782608696
TEX 09/10,0.13494208494208548,0.42947718474704466,4.063513513513514,4.229985443959243,3.9285714285714284,3.800508259212198
TOR 09/10,0.0980710531191793,-0.04748562695582592,4.046692607003891,4.0054945054945055,3.9486215538847116,4.052980132450331
ATL 10/11,0.3603323553108351,0.26102293678524013,4.302066772655008,4.48099173553719,3.9417344173441733,4.21996879875195
BAL 10/11,-0.37549692958302616,-0.21662725003284677,3.9719745222929936,3.8313953488372094,4.34747145187602,4.048022598870056
BOS 10/11,0.12673515261455925,0.21092769916650544,4.076612903225806,4.004070556309363,3.949877750611247,3.793142857142857
CHC 10/11,-0.07837341428829792,-0.18058589388864643,3.9595827900912646,4.03042328042328,4.0379562043795625,4.2110091743119265
CHW 10/11,0.14821083172146965,-0.12077778066550504,4.051136363636363,4.038243626062323,3.9029255319148937,4.159021406727828
CIN 10/11,0.2456989744063569,0.1553854875283447,4.134306569343066,4.147222222222222,3.8886075949367087,3.9918367346938775
CLE 10/11,-0.18363003095975206,-0.056489234449760506,4.0625,3.906578947368421,4.246130030959752,3.9630681818181817
COL 10/11,0.030931551015232817,-0.06984654326847028,3.9776847977684797,3.9573643410852712,3.946753246753247,4.0272108843537415
DET 10/11,-0.04222454403549847,0.17975291167834584,3.911170928667564,3.9929676511954995,3.9533954727030625,3.8132147395171536
HOU 10/11,-0.05227886551763561,-0.277973199329983,4.016460905349795,3.9886934673366836,4.06873977086743,4.266666666666667
KCR 10/11,-0.3683431952662728,0.047981159889260994,3.78698224852071,4.061679790026247,4.155325443786983,4.013698630136986
LAD 10/11,-0.013493253373312974,0.2068160597572355,4.0,4.349673202614379,4.013493253373313,4.142857142857143
MIL 10/11,-0.17434825870646797,0.21875964678107263,3.9029850746268657,4.261755485893417,4.077333333333334,4.042995839112344
MIN 10/11,0.4149367141747651,-0.22471045419107982,4.236959761549925,3.822139303482587,3.82202304737516,4.046849757673667
NYM 10/11,0.22180345653149747,0.0551171643303876,4.375766871165644,4.101078167115903,4.153963414634147,4.045961002785515
NYY 10/11,0.42302620416706604,0.7061246201408307,4.189033189033189,4.4581430745814306,3.7660069848661233,3.7520184544406
OAK 10/11,0.1621803304757634,0.020145905401239617,4.31150159744409,4.117820324005891,4.149321266968326,4.097674418604651
PHI 10/11,0.49353141191709815,0.8116958351118972,4.4015625,4.835538752362949,3.9080310880829017,4.023842917251052
PIT 10/11,-0.5956265663667373,0.0350110517590716,3.7621247113163974,4.251404494382022,4.357751277683135,4.216393442622951
SDP 10/11,0.5000452939577862,0.12471744824369413,4.530120481927711,4.446808510638298,4.030075187969925,4.322091062394604
SEA 10/11,-0.7218340343057577,-0.3690167865707439,4.02865329512894,4.026666666666666,4.750487329434698,4.39568345323741
SFG 10/11,0.6777465786967429,0.03313907606386213,4.696397941680961,4.513840830449827,4.018651362984218,4.480701754385965
STL 10/11,0.3894560130231297,0.23042874698466154,4.2698907956318255,4.108381502890174,3.880434782608696,3.877952755905512
TEX 10/11,0.42947718474704466,0.3091900109703114,4.229985443959243,4.069423929098966,3.800508259212198,3.760233918128655
TOR 10/11,-0.04748562695582592,0.09935039784373823,4.0054945054945055,4.065703022339028,4.052980132450331,3.9663526244952894
ATL 11/12,0.26102293678524013,0.44047619047619024,4.48099173553719,4.413333333333333,4.21996879875195,3.972857142857143
BAL 11/12,-0.21662725003284677,0.08552474300741064,3.8313953488372094,4.127659574468085,4.048022598870056,4.042134831460674
BOS 11/12,0.21092769916650544,-0.05079073163805514,4.004070556309363,3.8511166253101736,3.793142857142857,3.9019073569482288
CHC 11/12,-0.18058589388864643,-0.1573634063881597,4.03042328042328,4.057971014492754,4.2110091743119265,4.215334420880914
CHW 11/12,-0.12077778066550504,0.3669667436635762,4.038243626062323,4.270710059171598,4.159021406727828,3.9037433155080214
CIN 11/12,0.1553854875283447,0.35798175772551133,4.147222222222222,4.598639455782313,3.9918367346938775,4.240657698056801
CLE 11/12,-0.056489234449760506,-0.4340320963778468,3.906578947368421,3.744378698224852,3.9630681818181817,4.178410794602699
COL 11/12,-0.06984654326847028,-0.0954433607067684,3.9573643410852712,3.8359550561797753,4.0272108843537415,3.9313984168865437
DET 11/12,0.17975291167834584,0.19851157435960687,3.9929676511954995,4.2164179104477615,3.8132147395171536,4.017906336088155
HOU 11/12,-0.277973199329983,-0.5134153665354653,3.9886934673366836,3.9256926952141056,4.266666666666667,4.439108061749571
KCR 11/12,0.047981159889260994,-0.011152180465440864,4.061679790026247,4.121983914209116,4.013698630136986,4.133136094674557
LAD 11/12,0.2068160597572355,0.30793159938888603,4.349673202614379,4.4288107202680065,4.142857142857143,4.1208791208791204
MIL 11/12,0.21875964678107263,0.10345670243737759,4.261755485893417,4.099590723055934,4.042995839112344,3.9961340206185567
MIN 11/12,-0.22471045419107982,-0.24194488642598477,3.822139303482587,3.7908653846153846,4.046849757673667,4.032810271041369
NYM 11/12,0.0551171643303876,-0.1396159270912447,4.101078167115903,3.9957686882933707,4.045961002785515,4.135384615384615
NYY 11/12,0.7061246201408307,0.38715107099234336,4.4581430745814306,4.362275449101796,3.7520184544406,3.9751243781094527
OAK 11/12,0.020145905401239617,0.34020585588260843,4.117820324005891,4.429967426710098,4.097674418604651,4.0897615708274895
PHI 11/12,0.8116958351118972,-0.0007051943584448495,4.835538752362949,4.129411764705883,4.023842917251052,4.130116959064328
PIT 11/12,0.0350110517590716,0.1769042832984633,4.251404494382022,4.253709198813056,4.216393442622951,4.076804915514593
SDP 11/12,0.12471744824369413,-0.10185846260357856,4.446808510638298,4.140845070422535,4.322091062394604,4.242703533026114
SEA 11/12,-0.3690167865707439,0.09217086177844891,4.026666666666666,4.279569892473118,4.39568345323741,4.187399030694669
SFG 11/12,0.03313907606386213,0.4864350983514383,4.513840830449827,4.380585516178736,4.480701754385965,3.894150417827298
STL 11/12,0.23042874698466154,0.2853304284676832,4.108381502890174,4.216049382716049,3.877952755905512,3.930718954248366
TEX 11/12,0.3091900109703114,0.25654172560113153,4.069423929098966,4.062234794908062,3.760233918128655,3.8056930693069306
TOR 11/12,0.09935039784373823,0.03722494584425906,4.065703022339028,4.005102040816326,3.9663526244952894,3.967877094972067
ATL 12/13,0.44047619047619024,0.5949329485656083,4.413333333333333,4.687956204379562,3.972857142857143,4.093023255813954
BAL 12/13,0.08552474300741064,0.2542933141488626,4.127659574468085,4.179125528913963,4.042134831460674,3.9248322147651007
BOS 12/13,-0.05079073163805514,0.5351413947902666,3.8511166253101736,4.378048780487805,3.9019073569482288,3.842907385697538
CHC 12/13,-0.1573634063881597,-0.25571510542989273,4.057971014492754,4.217706821480406,4.215334420880914,4.473421926910299
CHW 12/13,0.3669667436635762,-0.2544766557034288,4.270710059171598,4.1134163208852,3.9037433155080214,4.367892976588629
CIN 12/13,0.35798175772551133,0.4886384090367333,4.598639455782313,4.560271646859083,4.240657698056801,4.07163323782235
CLE 12/13,-0.4340320963778468,0.330627141669539,3.744378698224852,4.268882175226586,4.178410794602699,3.9382550335570468
COL 12/13,-0.0954433607067684,-0.09207544356642305,3.8359550561797753,3.981578947368421,3.9313984168865437,4.073654390934844
DET 12/13,0.19851157435960687,0.465589163767556,4.2164179104477615,4.334935897435898,4.017906336088155,3.869346733668342
HOU 12/13,-0.5134153665354653,-0.3349791215589235,3.9256926952141056,3.8879716981132075,4.439108061749571,4.222950819672131
KCR 12/13,-0.011152180465440864,0.36741747293605354,4.121983914209116,4.512479201331115,4.133136094674557,4.145061728395062
LAD 12/13,0.30793159938888603,0.06843200482899903,4.4288107202680065,4.319587628865979,4.1208791208791204,4.25115562403698
MIL 12/13,0.10345670243737759,-0.18727711062591013,4.099590723055934,4.10334788937409,3.9961340206185567,4.290625
MIN 12/13,-0.24194488642598477,-0.5561517220853518,3.7908653846153846,3.8705583756345177,4.032810271041369,4.4267100977198695
NYM 12/13,-0.1396159270912447,-0.18144243214390343,3.9957686882933707,4.143274853801169,4.135384615384615,4.324717285945073
NYY 12/13,0.38715107099234336,0.18215063624899752,4.362275449101796,4.266766020864382,3.9751243781094527,4.084615384615384
OAK 12/13,0.34020585588260843,0.4079478487614083,4.429967426710098,4.288,4.0897615708274895,3.880052151238592
PHI 12/13,-0.0007051943584448495,-0.2580533607651736,4.129411764705883,4.0173564753004,4.130116959064328,4.275409836065574
PIT 12/13,0.1769042832984633,0.05377264104008006,4.253709198813056,4.440207972270364,4.076804915514593,4.386435331230284
SDP 12/13,-0.10185846260357856,-0.21951456310679607,4.140845070422535,4.13,4.242703533026114,4.349514563106796
SEA 12/13,0.09217086177844891,-0.44181034482758585,4.279569892473118,3.96684350132626,4.187399030694669,4.408653846153846
SFG 12/13,0.4864350983514383,-0.15598462172055427,4.380585516178736,4.082489146164979,3.894150417827298,4.238473767885533
STL 12/13,0.2853304284676832,0.7826699066574094,4.216049382716049,4.35738255033557,3.930718954248366,3.574712643678161
TEX 12/13,0.25654172560113153,0.35047385198587033,4.062234794908062,4.360062893081761,3.8056930693069306,4.00958904109589
TOR 12/13,0.03722494584425906,0.008226324237559979,4.005102040816326,4.071428571428571,3.967877094972067,4.063202247191011
